Dataset:              Fish Species List
File Name:            fish_tax.txt
Date Created:         5/26/1999
# Variables:          5
# Header Records:     15
# Data Records:       468
Missing Value Symbol: .

Variables:    TSN          Integrated Taxonomic Information System (ITIS) serial number
              SPECCODE     EMAP Species Code
              GENUS        Genus
              SPECIES      Species
              LATNAME      Latin Name

TSN,SPECCODE,GENUS,SPECIES,LATNAME,
.,CENTPHIL,CENTROPRISTIS,PHILADELPHIA,CENTROPRISTIS PHILADELPHIA,
.,UNKNOW04, , ,UNKNOWN,
.,GERRCINE,GERRES,CINERUS,GERRES CINERUS,
.,NOTRGSPC, , ,NO TARGET SPECIES,
.,LEPOGULO,LEPOMIS,GULOSUS,LEPOMIS GULOSUS,
.,XXXXXX03, , ,UNKNOWN,
.,NOORGPRS, , ,NO ORGANISMS PRESENT,
.,POLYSPAT,POLYDON,SPATHULA,POLYDON SPATHULA,
.,XXXXXX01, , ,UNKNOWN,
.,DASYSAYI,DASYATIS,SAYI,DASYATIS SAYI,
.,LOLIBREV,LOLIGO,BREVIUS,LOLIGO BREVIUS,
82696,ARTHRO01, , ,ARTHROPODA,
83677,CRUSTA01, , ,CRUSTACEA,
95599,DECAPO01, , ,DECAPODA,
95602,PENAEU02, , ,PENAEIDAE UNCL,
95603,PENAEU01,PENAEUS,SP,PENAEUS SP,
95605,PENAAZTE,PENAEUS,AZTECUS,PENAEUS AZTECUS,
95608,PENADUOR,PENAEUS,DUORARUM,PENAEUS DUORARUM,
95610,PENASETI,PENAEUS,SETIFERUS,PENAEUS SETIFERUS,
95649,TRACSIMI,TRACHYPENAEUS,SIMILIS,TRACHYPENAEUS SIMILIS,
96221,MACROHIO,MACROBRACHIUM,OHIONE,MACROBRACHIUM OHIONE,
96383,PALAXXXX,PALAEMONETES,PALUDOSUS,PALAEMONETES SP,
96383,PALAXXXX,PALAEMONETES,SP.,PALAEMONETES SP,
96385,PALAPALU,PALAEMONETES,PALUDOSUS,PALAEMONETES PALUDOSUS,
97337,CAMBAR01,CAMBARUS,SP,CAMBARUS SP,
97337,CAMBXXXX,CAMBARUS,SP.,CAMBARUS SP.,
98455,LIBIEMAR,LIBINIA,EMARGINATA,LIBINIA EMARGINATA,
98689,PORTUN01, , ,PORTUNIDAE UNCL,
98695,CALLIN01,CALLINECTES,SP,CALLINECTES SP,
98696,CALLSAPI,CALLINECTES,SAPIDUS,CALLINECTES SAPIDUS,
98697,CALLSIMI,CALLINECTES,SIMILIS,CALLINECTES SIMILIS,
98811,MENIMERC,MENIPPE,MERCENARIA,MENIPPE MERCENARIA,
99143,SQUIEMPU,SQUILLA,EMPUSA,SQUILLA EMPUSA,
158852,CHORDA01, , ,CHORDATA,
159786,ELASMO04, , ,ELASMOBRANCHII,
159851,LAMNIF01, , ,LAMNIFORMES,
160178,CARCHA02, , ,CARCHARHINIDAE UNCL,
160226,MUSTEL01,MUSTELUS,SP,MUSTELUS SP,
160230,MUSTCANI,MUSTELUS,CANIS,MUSTELUS CANIS,
160267,CARCHA01,CARCHARHINUS,SP,CARCHARHINUS SP,
160289,CARCPLUM,CARCHARHINUS,PLUMBEUS,CARCHARHINUS PLUMBEUS,
160318,CARCLIMB,CARCHARHINUS,LIMBATUS,CARCHARHINUS LIMBATUS,
160340,CARCPORO,CARCHARHINUS,POROSUS,CARCHARHINUS POROSUS,
160409,CARCISOD,CARCHARHINUS,ISODON,CARCHARHINUS ISODON,
160502,SPHYTIBU,SPHYRNA,TIBURO,SPHYRNA TIBURO,
160806,RAJIFO01, , ,RAJIFORMES,
160845,RAJIDA01, , ,RAJIDAE UNCL,
160846,RAJA01,RAJA,SP,RAJA SP,
160855,RAJAEGLA,RAJA,EGLANTERIA,RAJA EGLANTERIA,
160856,RAJAERIN,RAJA,ERINACEA,RAJA ERINACEA,
160858,RAJAOCEL,RAJA,OCELLATA,RAJA OCELLATA,
160946,DASYAT02, , ,DASYATIDAE UNCL,
160947,DASYAT01,DASYATIS,SP,DASYATIS SP,
160951,DASYAMER,DASYATIS,AMERICANA,DASYATIS AMERICANA,
160952,DASYCENT,DASYATIS,CENTROURA,DASYATIS CENTROURA,
160953,DASYSABI,DASYATIS,SABINA,DASYATIS SABINA,
160954,DASYSAY,DASYATIS,SAY,DASYATIS SAY,
160960,GYMNUR01,GYMNURA,SP,GYMNURA SP,
160961,GYMNALTA,GYMNURA,ALTAVELA,GYMNURA ALTAVELA,
160962,GYMNMICR,GYMNURA,MICRURA,GYMNURA MICRURA,
160976,MYLIOB02, , ,MYLIOBATIDAE UNCL,
160977,AETOBA01,AETOBATUS,SP,AETOBATUS SP,
160978,AETONARI,AETOBATUS,NARINARI,AETOBATUS NARINARI,
160979,MYLIOB01,MYLIOBATIS,SP,MYLIOBATIS SP,
160980,MYLIFREM,MYLIOBATIS,FREMINVILLEI,MYLIOBATIS FREMINVILLEI,
160982,MYLIGOOD,MYLIOBATIS,GOODEI,MYLIOBATIS GOODEI,
160984,RHINOP01,RHINOPTERA,SP,RHINOPTERA SP,
160985,RHINBONA,RHINOPTERA,BONASUS,RHINOPTERA BONASUS,
161030,OSTEIC01, , ,OSTEICHTHYES,
161063,ACIPEN03, , ,ACIPENSERIFORMES,
161064,ACIPEN02, , ,ACIPENSERIDAE UNCL,
161065,ACIPEN01,ACIPENSER,SP,ACIPENSER SP,
161069,ACIPBREV,ACIPENSER,BREVIROSTRUM,ACIPENSER BREVIROSTRUM,
161070,ACIPOXYR,ACIPENSER,OXYRHYNCHUS,ACIPENSER OXYRHYNCHUS,
161094,LEPIOSSE,LEPISOSTEUS,OSSEUS,LEPISOSTEUS OSSEUS,
161097,LEPISPAT,LEPISOSTEUS,SPATULA,LEPISOSTEUS SPATULA,
161099,LEPIPROD,LEPISOSTEUS,PRODUCTUS,LEPISOSTEUS PRODUCTUS,
161111,ELOPSAUR,ELOPS,SAURUS,ELOPS SAURUS,
161123,ANGUIL03, , ,ANGUILLIFORMES,
161125,ANGUIL02, , ,ANGUILLIDAE UNCL,
161126,ANGUIL01,ANGUILLA,SP,ANGUILLA SP,
161127,ANGUROST,ANGUILLA,ROSTRATA,ANGUILLA ROSTRATA,
161192,GYMNSAXI,GYMNOTHORAX,SAXICOLA,GYMNOTHORAX SAXICOLA,
161324,CONGRI01, , ,CONGRIDAE UNCL,
161325,CONGER01,CONGER,SP,CONGER SP,
161326,CONGOCEA,CONGER,OCEANICUS,CONGER OCEANICUS,
161388,HILDFLAV,HILDEBRANDIA,FLAVA,HILDEBRANDIA FLAVA,
161427,CALLMURA,CALLECHELYS,MURAENA,CALLECHELYS MURAENA,
161694,CLUPEI02, , ,CLUPEIFORMES,
161700,CLUPEI01, , ,CLUPEIDAE UNCL,
161701,ALOSA01,ALOSA,SP,ALOSA SP,
161702,ALOSSAPI,ALOSA,SAPIDISSIMA,ALOSA SAPIDISSIMA,
161703,ALOSAEST,ALOSA,AESTIVALIS,ALOSA AESTIVALIS,
161704,ALOSMEDI,ALOSA,MEDIOCRIS,ALOSA MEDIOCRIS,
161705,ALOSALAB,ALOSA,ALABAMAE,ALOSA ALABAMAE,
161706,ALOSPSEU,ALOSA,PSEUDOHARENGUS,ALOSA PSEUDOHARENGUS,
161707,ALOSCHRY,ALOSA,CHRYSOCHLORIS,ALOSA CHRYSOCHLORIS,
161721,CLUPEA01,CLUPEA,SP,CLUPEA SP,
161722,CLUPHARE,CLUPEA,HARENGUS,CLUPEA HARENGUS,
161731,BREVOO01,BREVOORTIA,SP,BREVOORTIA SP,
161732,BREVTYRA,BREVOORTIA,TYRANNUS,BREVOORTIA TYRANNUS,
161733,BREVGUNT,BREVOORTIA,GUNTERI,BREVOORTIA GUNTERI,
161734,BREVPATR,BREVOORTIA,PATRONUS,BREVOORTIA PATRONUS,
161735,BREVSMIT,BREVOORTIA,SMITHI,BREVOORTIA SMITHI,
161736,DOROSO01,DOROSOMA,SP,DOROSOMA SP,
161737,DOROCEPE,DOROSOMA,CEPEDIANUM,DOROSOMA CEPEDIANUM,
161738,DOROPETE,DOROSOMA,PETENENSE,DOROSOMA PETENENSE,
161743,ETRUTERE,ETRUMEUS,TERES,ETRUMEUS TERES,
161747,OPISTH01,OPISTHONEMA,SP,OPISTHONEMA SP,
161748,OPISOGLI,OPISTHONEMA,OGLINUM,OPISTHONEMA OGLINUM,
161752,HARENG01,HARENGULA,SP,HARENGULA SP,
161753,HARECLUP,HARENGULA,CLUPEOLA,HARENGULA CLUPEOLA,
161755,HAREJAGU,HARENGULA,JAGUANA,HARENGULA JAGUANA,
161763,SARDAURI,SARDINELLA,AURITA,SARDINELLA AURITA,
161826,ENGRAU01, , ,ENGRAULIDAE UNCL,
161837,ANCHOA01,ANCHOA,SP,ANCHOA SP,
161838,ANCHHEPS,ANCHOA,HEPSETUS,ANCHOA HEPSETUS,
161839,ANCHMITC,ANCHOA,MITCHILLI,ANCHOA MITCHILLI,
161841,ANCHLAMP,ANCHOA,LAMPROTAENIA,ANCHOA LAMPROTAENIA,
161929,SALMON01, , ,SALMONIFORMES,
162028,OSMERU02, , ,OSMERIDAE UNCL,
162038,OSMERU01,OSMERUS,SP,OSMERUS SP,
162041,OSMEMORD,OSMERUS,MORDAX,OSMERUS MORDAX,
162374,SYNODO01, , ,SYNODONTIDAE UNCL,
162375,SYNODU01,SYNODUS,SP,SYNODUS SP,
162376,SYNOFOET,SYNODUS,FOETENS,SYNODUS FOETENS,
162846,CYPRIN03, , ,CYPRINIFORMES,
163342,CYPRIN02, , ,CYPRINIDAE UNCL,
163343,CYPRIN01,CYPRINUS,SP,CYPRINUS SP,
163344,CYPRCARP,CYPRINUS,CARPIO,CYPRINUS CARPIO,
163349,CARASS01,CARASSIUS,SP,CARASSIUS SP,
163350,CARAAURA,CARASSIUS,AURATUS,CARASSIUS AURATUS,
163367,NOTEMI01,NOTEMIGONUS,SP,NOTEMIGONUS SP,
163368,NOTECRYS,NOTEMIGONUS,CRYSOLEUCAS,NOTEMIGONUS CRYSOLEUCAS,
163399,NOTROP01,NOTROPIS,SP,NOTROPIS SP,
163404,NOTRHUDS,NOTROPIS,HUDSONIUS,NOTROPIS HUDSONIUS,
163412,NOTRATHE,NOTROPIS,ATHERINOIDES,NOTROPIS ATHERINOIDES,
163892,CATOST02, , ,CATOSTOMIDAE UNCL,
163893,CATOST01,CATOSTOMUS,SP,CATOSTOMUS SP,
163895,CATOCOMM,CATOSTOMUS,COMMERSONI,CATOSTOMUS COMMERSONI,
163916,CARPIO01,CARPIODES,SP,CARPIODES SP,
163917,CARPCYPR,CARPIODES,CYPRINUS,CARPIODES CYPRINUS,
163927,MOXOST01,MOXOSTOMA,SP,MOXOSTOMA SP,
163928,MOXOMACR,MOXOSTOMA,MACROLEPIDOTUM,MOXOSTOMA MACROLEPIDOTUM,
163948,HYPENT01,HYPENTELIUM,SP,HYPENTELIUM SP,
163949,HYPENIGR,HYPENTELIUM,NIGRICANS,HYPENTELIUM NIGRICANS,
163992,SILURI01, , ,SILURIFORMES,
163995,ICTALU01, , ,ICTALURIDAE UNCL,
163996,ICTALU02,ICTALURUS,SP,ICTALURUS SP,
163997,ICTAFURC,ICTALURUS,FURCATUS,ICTALURUS FURCATUS,
163998,ICTAPUNC,ICTALURUS,PUNCTATUS,ICTALURUS PUNCTATUS,
164034,AMEIUR01,AMEIURUS,SP,AMEIURUS SP,
164037,AMEICATU,AMEIURUS,CATUS,AMEIURUS CATUS,
164039,AMEIMELA,AMEIURUS,MELAS,AMEIURUS MELAS,
164041,AMEINATA,AMEIURUS,NATALIS,AMEIURUS NATALIS,
164043,AMEINEBU,AMEIURUS,NEBULOSUS,AMEIURUS NEBULOSUS,
164157,ARIID01, , ,ARIIDAE UNCL,
164158,BAGRE01,BAGRE,SP,BAGRE SP,
164159,BAGRMARI,BAGRE,MARINUS,BAGRE MARINUS,
164162,ARIUS01,ARIUS,SP,ARIUS SP,
164165,ARIUFELI,ARIUS,FELIS,ARIUS FELIS,
164411,BATRAC02, , ,BATRACHOIDIFORMES,
164412,BATRAC01, , ,BATRACHOIDIDAE UNCL,
164421,PORIPLEC,PORICHTHYS,PLECTRODON,PORICHTHYS PLECTRODON,
164422,OPSANU01,OPSANUS,SP,OPSANUS SP,
164423,OPSATAU,OPSANUS,TAU,OPSANUS TAU,
164424,OPSABETA,OPSANUS,BETA,OPSANUS BETA,
164425,OPSAPARD,OPSANUS,PARDUS,OPSANUS PARDUS,
164495,LOPHII02, , ,LOPHIIFORMES,
164497,LOPHII01, , ,LOPHIIDAE UNCL,
164498,LOPHII03,LOPHIUS, ,LOPHIUS,
164499,LOPHAMER,LOPHIUS,AMERICANUS,LOPHIUS AMERICANUS,
164573,OGCOCE02, , ,OGCOCEPHALIDAE UNCL,
164574,OGCOCE01,OGCOCEPHALUS,SP,OGCOCEPHALUS SP,
164579,OGCORADI,OGCOCEPHALUS,RADIATUS,OGCOCEPHALUS RADIATUS,
164665,GADIFO01, , ,GADIFORMES,
164701,GADIDA01, , ,GADIDAE UNCL,
164718,MICROG01,MICROGADUS,SP,MICROGADUS SP,
164720,MICRTOMC,MICROGADUS,TOMCOD,MICROGADUS TOMCOD,
164726,POLLAC01,POLLACHIUS,SP,POLLACHIUS SP,
164727,POLLVIRE,POLLACHIUS,VIRENS,POLLACHIUS VIRENS,
164729,UROPHY01,UROPHYCIS,SP,UROPHYCIS SP,
164730,UROPCHUS,UROPHYCIS,CHUSS,UROPHYCIS CHUSS,
164731,UROPREGI,UROPHYCIS,REGIA,UROPHYCIS REGIA,
164732,UROPTENU,UROPHYCIS,TENUIS,UROPHYCIS TENUIS,
164735,UROPCIRR,UROPHYCIS,CIRRATA,UROPHYCIS CIRRATA,
164739,BROSME01,BROSME,SP,BROSME SP,
164740,BROSBROS,BROSME,BROSME,BROSME BROSME,
164747,ENCHEL01,ENCHELYOPUS,SP,ENCHELYOPUS SP,
164748,ENCHCIMB,ENCHELYOPUS,CIMBRIUS,ENCHELYOPUS CIMBRIUS,
164789,MERLUC02, , ,MERLUCCIIDAE,
164790,MERLUC01,MERLUCCIUS,SP,MERLUCCIUS SP,
164791,MERLBILI,MERLUCCIUS,BILINEARIS,MERLUCCIUS BILINEARIS,
164807,OPHIDI02, , ,OPHIDIIDAE UNCL,
164839,OPHIDI01,OPHIDION,SP,OPHIDION SP,
164852,OPHIMARG,OPHIDION,MARGINATUM,OPHIDION MARGINATUM,
165429,ATHERI02, , ,ATHERINIFORMES,
165546,BELONI01, , ,BELONIDAE UNCL,
165551,STROMARI,STRONGYLURA,MARINA,STRONGYLURA MARINA,
165631,CYPRVARI,CYPRINODON,VARIEGATUS,CYPRINODON VARIEGATUS,
165646,FUNDDIAP,FUNDULUS,DIAPHANUS,FUNDULUS DIAPHANUS,
165647,FUNDHETE,FUNDULUS,HETEROCLITUS,FUNDULUS HETEROCLITUS,
165649,FUNDMAJA,FUNDULUS,MAJALIS,FUNDULUS MAJALIS,
165651,FUNDGRAN,FUNDULUS,GRANDIS,FUNDULUS GRANDIS,
165679,LUCAPARV,LUCANIA,PARVA,LUCANIA PARVA,
165984,ATHERI01, , ,ATHERINIDAE UNCL,
165988,MEMBRA01,MEMBRAS,SP,MEMBRAS SP,
165989,MEMBMART,MEMBRAS,MARTINICA,MEMBRAS MARTINICA,
165992,MENIDI01,MENIDIA,SP,MENIDIA SP,
165993,MENIBERY,MENIDIA,BERYLLINA,MENIDIA BERYLLINA,
165994,MENIMENI,MENIDIA,MENIDIA,MENIDIA MENIDIA,
166350,DESMPOLY,DESMODEMA,POLYSTICTUM,DESMODEMA POLYSTICTUM,
166361,GASTER01, , ,GASTEROSTEIFORMES,
166365,GASTACUL,GASTEROSTEUS,ACULEATUS,GASTEROSTEUS ACULEATUS,
166414,FISTUL02, , ,FISTULARIIDAE UNCL,
166415,FISTUL01,FISTULARIA,SP,FISTULARIA SP,
166416,FISTTABA,FISTULARIA,TABACARIA,FISTULARIA TABACARIA,
166443,SYNGNA02, , ,SYNGNATHIDAE UNCL,
166444,SYNGNA01,SYNGNATHUS,SP,SYNGNATHUS SP,
166446,SYNGFLOR,SYNGNATHUS,FLORIDAE,SYNGNATHUS FLORIDAE,
166451,SYNGFUSC,SYNGNATHUS,FUSCUS,SYNGNATHUS FUSCUS,
166452,SYNGLOUI,SYNGNATHUS,LOUISIANAE,SYNGNATHUS LOUISIANAE,
166458,SYNGSCOV,SYNGNATHUS,SCOVELLI,SYNGNATHUS SCOVELLI,
166487,HIPPOC01,HIPPOCAMPUS,SP,HIPPOCAMPUS SP,
166488,HIPPEREC,HIPPOCAMPUS,ERECTUS,HIPPOCAMPUS ERECTUS,
166702,SCORPA01, , ,SCORPAENIFORMES,
166972,TRIGLI01, , ,TRIGLIDAE UNCL,
166973,PRIONO01,PRIONOTUS,SP,PRIONOTUS SP,
166974,PRIOCARO,PRIONOTUS,CAROLINUS,PRIONOTUS CAROLINUS,
166975,PRIOEVOL,PRIONOTUS,EVOLANS,PRIONOTUS EVOLANS,
166977,PRIOTRIB,PRIONOTUS,TRIBULUS,PRIONOTUS TRIBULUS,
166978,PRIOALAT,PRIONOTUS,ALATUS,PRIONOTUS ALATUS,
166990,PRIOROSE,PRIONOTUS,ROSEUS,PRIONOTUS ROSEUS,
166991,PRIORUBI,PRIONOTUS,RUBIO,PRIONOTUS RUBIO,
167006,PERIGRAC,PERISTEDION,GRACILE,PERISTEDION GRACILE,
167196,COTTID01, , ,COTTIDAE UNCL,
167311,MYOXOC01,MYOXOCEPHALUS,SP,MYOXOCEPHALUS SP,
167320,MYOXOCTO,MYOXOCEPHALUS,OCTODECEMSPINOSUS,MYOXOCEPHALUS OCTODECEMSPINOSUS,
167321,MYOXAENA,MYOXOCEPHALUS,AENAEUS,MYOXOCEPHALUS AENAEUS,
167640,PERCIF01, , ,PERCIFORMES,
167648,CENTUNDE,CENTROPOMUS,UNDECIMALIS,CENTROPOMUS UNDECIMALIS,
167674,SERRAN02, , ,SERRANIDAE UNCL,
167676,MORONE01,MORONE,SP,MORONE SP,
167678,MOROAMER,MORONE,AMERICANA,MORONE AMERICANA,
167680,MOROSAXA,MORONE,SAXATILIS,MORONE SAXATILIS,
167682,MOROCHRY,MORONE,CHRYSOPS,MORONE CHRYSOPS,
167683,MOROMISS,MORONE,MISSISSIPPIENSIS,MORONE MISSISSIPPIENSIS,
167686,CENTRO01,CENTROPRISTIS,SP,CENTROPRISTIS SP,
167687,CENTSTRI,CENTROPRISTIS,STRIATA,CENTROPRISTIS STRIATA,
167759,MYCTMICR,MYCTEROPERCA,MICROLEPIS,MYCTEROPERCA MICROLEPIS,
167760,MYCTBONA,MYCTEROPERCA,BONACI,MYCTEROPERCA BONACI,
167791,DIPLEC01,DIPLECTRUM,SP,DIPLECTRUM SP,
167793,DIPLFORM,DIPLECTRUM,FORMOSUM,DIPLECTRUM FORMOSUM,
167796,DIPLBIVI,DIPLECTRUM,BIVITTATUM,DIPLECTRUM BIVITTATUM,
167806,HYPOUNIC,HYPOPLECTRUS,UNICOLOR,HYPOPLECTRUS UNICOLOR,
167849,SERRAN01,SERRANUS,SP,SERRANUS SP,
167858,SERRSUBL,SERRANUS,SUBLIGARIUS,SERRANUS SUBLIGARIUS,
168093,CENTRA01, , ,CENTRARCHIDAE UNCL,
168113,ENNEGLOR,ENNEACANTHUS,GLORIOSUS,ENNEACANTHUS GLORIOSUS,
168130,LEPOMI01,LEPOMIS,SP,LEPOMIS SP,
168141,LEPOMACR,LEPOMIS,MACROCHIRUS,LEPOMIS MACROCHIRUS,
168144,LEPOGIBB,LEPOMIS,GIBBOSUS,LEPOMIS GIBBOSUS,
168152,LEPOMARG,LEPOMIS,MARGINATUS,LEPOMIS MARGINATUS,
168154,LEPOMICR,LEPOMIS,MICROLOPHUS,LEPOMIS MICROLOPHUS,
168155,LEPOPUNC,LEPOMIS,PUNCTATUS,LEPOMIS PUNCTATUS,
168156,LEPOSYMM,LEPOMIS,SYMMETRICUS,LEPOMIS SYMMETRICUS,
168160,MICRSALM,MICROPTERUS,SALMOIDES,MICROPTERUS SALMOIDES,
168165,POMOXI01,POMOXIS,SP,POMOXIS SP,
168166,POMOANNU,POMOXIS,ANNULARIS,POMOXIS ANNULARIS,
168167,POMONIGR,POMOXIS,NIGROMACULATUS,POMOXIS NIGROMACULATUS,
168178,PRIAAREN,PRIACANTHUS,ARENATUS,PRIACANTHUS ARENATUS,
168356,PERCID01, , ,PERCIDAE UNCL,
168360,ETHEOLMS,PERCA,ETHEOSTOMA,ETHEOSTOMA OLMSTEDI,
168468,PERCA01,PERCA,SP,PERCA SP,
168469,PERCFLAV,PERCA,FLAVESCENS,PERCA FLAVESCENS,
168557,POMATO02, , ,POMATOMIDAE UNCL,
168558,POMATO01,POMATOMUS,SP,POMATOMUS SP,
168559,POMASALT,POMATOMUS,SALTATRIX,POMATOMUS SALTATRIX,
168564,RACHYC02, , ,RACHYCENTRIDAE UNCL,
168565,RACHYC01,RACHYCENTRON,SP,RACHYCENTRON SP,
168566,RACHCANA,RACHYCENTRON,CANADUM,RACHYCENTRON CANADUM,
168567,XXXXECHE,UNID.,ECHENEIDIDAE,ECHENEIDIDAE UNCL,
168575,ECHENAUC,ECHENEIS,NAUCRATES,ECHENEIS NAUCRATES,
168584,CARANG01, , ,CARANGIDAE UNCL,
168605,CARAXXXX,CARANX, ,CARANX,
168605,CARANX01,CARANX,SP,CARANX SP,
168609,CARAHIPP,CARANX,HIPPOS,CARANX HIPPOS,
168610,CARALATU,CARANX,LATUS,CARANX LATUS,
168612,CARACRYS,CARANX,CRYSOS,CARANX CRYSOS,
168614,CARARUBE,CARANX,RUBER,CARANX RUBER,
168669,CHLORO01,CHLOROSCOMBRUS,SP,CHLOROSCOMBRUS SP,
168670,CHLOCHRY,CHLOROSCOMBRUS,CHRYSURUS,CHLOROSCOMBRUS CHRYSURUS,
168677,SELACRUM,SELAR,CRUMENOPHTHALMUS,SELAR CRUMENOPHTHALMUS,
168679,SELENE01,SELENE,SP,SELENE SP,
168680,SELEVOME,SELENE,VOMER,SELENE VOMER,
168684,SELESETA,SELENE,SETAPINNIS,SELENE SETAPINNIS,
168707,TRACHI01,TRACHINOTUS,SP,TRACHINOTUS SP,
168708,TRACCARO,TRACHINOTUS,CAROLINUS,TRACHINOTUS CAROLINUS,
168709,TRACFALC,TRACHINOTUS,FALCATUS,TRACHINOTUS FALCATUS,
168724,DECAMACA,DECAPTERUS,MACARELLUS,DECAPTERUS MACARELLUS,
168725,DECAPUNC,DECAPTERUS,PUNCTATUS,DECAPTERUS PUNCTATUS,
168739,HEMICA01,HEMICARANX,SP,HEMICARANX SP,
168740,HEMIAMBL,HEMICARANX,AMBLYRHYNCHUS,HEMICARANX AMBLYRHYNCHUS,
168845,LUTJAN02, , ,LUTJANIDAE UNCL,
168846,LUTJAN01,LUTJANUS,SP,LUTJANUS SP,
168848,LUTJGRIS,LUTJANUS,GRISEUS,LUTJANUS GRISEUS,
168853,LUTJCAMP,LUTJANUS,CAMPECHANUS,LUTJANUS CAMPECHANUS,
168860,LUTJSYNA,LUTJANUS,SYNAGRIS,LUTJANUS SYNAGRIS,
168907,OCYUCHRY,OCYURUS,CHRYSURUS,OCYURUS CHRYSURUS,
169013,GERREI01, , ,GERREIDAE UNCL,
169014,EUCINO01,EUCINOSTOMUS,SP,EUCINOSTOMUS SP,
169015,EUCIARGE,EUCINOSTOMUS,ARGENTEUS,EUCINOSTOMUS ARGENTEUS,
169016,EUCIGULA,EUCINOSTOMUS,GULA,EUCINOSTOMUS GULA,
169018,EUCILEFR,EUCINOSTOMUS,LEFROYI,EUCINOSTOMUS LEFROYI,
169055,HAEMUL01, , ,HAEMULIDAE UNCL,
169059,HAEMPLUM,HAEMULON,PLUMIERI,HAEMULON PLUMIERI,
169076,ORTHOP01,ORTHOPRISTIS,SP,ORTHOPRISTIS SP,
169077,ORTHCHRY,ORTHOPRISTIS,CHRYSOPTERA,ORTHOPRISTIS CHRYSOPTERA,
169180,SPARID01, , ,SPARIDAE UNCL,
169181,STENOT01,STENOTOMUS,SP,STENOTOMUS SP,
169182,STENCHRY,STENOTOMUS,CHRYSOPS,STENOTOMUS CHRYSOPS,
169183,STENCAPR,STENOTOMUS,CAPRINUS,STENOTOMUS CAPRINUS,
169186,LAGODO01,LAGODON,SP,LAGODON SP,
169187,LAGORHOM,LAGODON,RHOMBOIDES,LAGODON RHOMBOIDES,
169189,ARCHPROB,ARCHOSARGUS,PROBATOCEPHALUS,ARCHOSARGUS PROBATOCEPHALUS,
169191,DIPLOD01,DIPLODUS,SP,DIPLODUS SP,
169192,DIPLHOLB,DIPLODUS,HOLBROOKI,DIPLODUS HOLBROOKI,
169195,CALAMU01,CALAMUS,SP,CALAMUS SP,
169196,CALAARCT,CALAMUS,ARCTIFRONS,CALAMUS ARCTIFRONS,
169200,CALALEUC,CALAMUS,LEUCOSTEUS,CALAMUS LEUCOSTEUS,
169237,SCIAEN02, , ,SCIAENIDAE UNCL,
169238,CYNOSC01,CYNOSCION,SP,CYNOSCION SP,
169239,CYNONEBU,CYNOSCION,NEBULOSUS,CYNOSCION NEBULOSUS,
169240,CYNONOTH,CYNOSCION,NOTHUS,CYNOSCION NOTHUS,
169241,CYNOREGA,CYNOSCION,REGALIS,CYNOSCION REGALIS,
169243,CYNOAREN,CYNOSCION,ARENARIUS,CYNOSCION ARENARIUS,
169258,BAIRDI01,BAIRDIELLA,SP,BAIRDIELLA SP,
169259,BAIRCHRY,BAIRDIELLA,CHRYSURA,BAIRDIELLA CHRYSURA,
169263,BAIRSANC,BAIRDIELLA,SANCTAELUCIAE,BAIRDIELLA SANCTAELUCIAE,
169266,LEIOST01,LEIOSTOMUS,SP,LEIOSTOMUS SP,
169267,LEIOXANT,LEIOSTOMUS,XANTHURUS,LEIOSTOMUS XANTHURUS,
169269,LARIFASC,LARIMUS,FASCIATUS,LARIMUS FASCIATUS,
169273,MENTIC01,MENTICIRRHUS,SP,MENTICIRRHUS SP,
169274,MENTAMER,MENTICIRRHUS,AMERICANUS,MENTICIRRHUS AMERICANUS,
169276,MENTSAXA,MENTICIRRHUS,SAXATILIS,MENTICIRRHUS SAXATILIS,
169282,MICROP01,MICROPOGONIAS,SP,MICROPOGONIAS SP,
169283,MICRUNDU,MICROPOGONIAS,UNDULATUS,MICROPOGONIAS UNDULATUS,
169287,POGONI01,POGONIAS,SP,POGONIAS SP,
169288,POGOCROM,POGONIAS,CROMIS,POGONIAS CROMIS,
169289,SCIAEN01,SCIAENOPS,SP,SCIAENOPS SP,
169290,SCIAOCEL,SCIAENOPS,OCELLATUS,SCIAENOPS OCELLATUS,
169292,STELLANC,STELLIFER,LANCEOLATUS,STELLIFER LANCEOLATUS,
169324,ODONTO01,ODONTOSCION,SP,ODONTOSCION SP,
169325,ODONDENT,ODONTOSCION,DENTEX,ODONTOSCION DENTEX,
169364,APLOGRUN,APLODINOTUS,GRUNNIENS,APLODINOTUS GRUNNIENS,
169441,UPENPARV,UPENEUS,PARVUS,UPENEUS PARVUS,
169537,EPHIPP01, , ,EPHIPPIDIDAE,
169538,CHAETO01,CHAETODIPTERUS,SP,CHAETODIPTERUS SP,
169539,CHAEFABE,CHAETODIPTERUS,FABER,CHAETODIPTERUS FABER,
169555,CHAETO01,CHAETODON,SP,CHAETODON SP,
169556,CHAEOCEL,CHAETODON,OCELLATUS,CHAETODON OCELLATUS,
170315,PERCIC01, , ,PERCICHTHYIDAE UNCL,
170333,MUGIL02, , ,MUGILIDAE UNCL,
170334,MUGIL01,MUGIL,SP,MUGIL SP,
170335,MUGICEPH,MUGIL,CEPHALUS,MUGIL CEPHALUS,
170336,MUGICURE,MUGIL,CUREMA,MUGIL CUREMA,
170424,SPHYRA02, , ,SPHYRAENIDAE UNCL,
170425,SPHYRA01,SPHYRAENA,SP,SPHYRAENA SP,
170427,SPHYBORE,SPHYRAENA,BOREALIS,SPHYRAENA BOREALIS,
170428,SPHYGUAC,SPHYRAENA,GUACHANCHO,SPHYRAENA GUACHANCHO,
170445,POLYNE01, , ,POLYNEMIDAE UNCL,
170446,POLYDA01,POLYDACTYLUS,SP,POLYDACTYLUS SP,
170447,POLYOCTO,POLYDACTYLUS,OCTONEMUS,POLYDACTYLUS OCTONEMUS,
170477,LABRID01, , ,LABRIDAE UNCL,
170478,TAUTOG01,TAUTOGA,SP,TAUTOGA SP,
170479,TAUTONIT,TAUTOGA,ONITIS,TAUTOGA ONITIS,
170480,TAUTOG02,TAUTOGOLABRUS,SP,TAUTOGOLABRUS SP,
170481,TAUTADSP,TAUTOGOLABRUS,ADSPERSUS,TAUTOGOLABRUS ADSPERSUS,
170503,HALIBIVI,HALICHOERES,BIVITTATUS,HALICHOERES BIVITTATUS,
170504,HALICAUD,HALICHOERES,CAUDALIS,HALICHOERES CAUDALIS,
170536,HEMIMART,HEMIPTERONOTUS,MARTINICENSIS,HEMIPTERONOTUS MARTINICENSIS,
170537,HEMINOVA,HEMIPTERONOTUS,NOVACULA,HEMIPTERONOTUS NOVACULA,
170566,LACHMAXI,LACHNOLAIMUS,MAXIMUS,LACHNOLAIMUS MAXIMUS,
170865,SPARRADI,SPARISOMA,RADIANS,SPARISOMA RADIANS,
171053,URANOS01, , ,URANOSCOPIDAE UNCL,
171054,ASTROS01,ASTROSCOPUS,SP,ASTROSCOPUS SP,
171055,ASTRGUTT,ASTROSCOPUS,GUTTATUS,ASTROSCOPUS GUTTATUS,
171124,BLENNI01, , ,BLENNIIDAE UNCL,
171163,CHASM01,CHASMODES,SP,CHASMODES SP,
171164,CHASBOSQ,CHASMODES,BOSQUIANUS,CHASMODES BOSQUIANUS,
171396,XXXXCLIN,CLINIDAE, ,CLINIDAE,
171645,PHOLGUNN,PHOLIS,GUNNELLUS,PHOLIS GUNNELLUS,
171746,GOBIID01, , ,GOBIIDAE UNCL,
171788,GOBIOS01,GOBIOSOMA,SP,GOBIOSOMA SP,
171789,GOBIBOSC,GOBIOSOMA,BOSC,GOBIOSOMA BOSC,
171831,GOBIOI01,GOBIOIDES,SP,GOBIOIDES SP,
171832,GOBIBROU,GOBIOIDES,BROUSSONETI,GOBIOIDES BROUSSONETI,
172378,TRICHI02, , ,TRICHIURIDAE UNCL,
172384,TRICHI01,TRICHIURUS,SP,TRICHIURUS SP,
172385,TRICLEPT,TRICHIURUS,LEPTURUS,TRICHIURUS LEPTURUS,
172398,SCOMBR01, , ,SCOMBRIDAE UNCL,
172434,SCOMBE01,SCOMBEROMORUS,SP,SCOMBEROMORUS SP,
172435,SCOMCAVA,SCOMBEROMORUS,CAVALLA,SCOMBEROMORUS CAVALLA,
172436,SCOMMACU,SCOMBEROMORUS,MACULATUS,SCOMBEROMORUS MACULATUS,
172563,STROMA01, , ,STROMATEIDAE UNCL,
172564,PEPRIL01,PEPRILUS,SP,PEPRILUS SP,
172567,PEPRTRIA,PEPRILUS,TRIACANTHUS,PEPRILUS TRIACANTHUS,
172568,PEPRBURT,PEPRILUS,BURTI,PEPRILUS BURTI,
172570,PEPRALEP,PEPRILUS,ALEPIDOTUS,PEPRILUS ALEPIDOTUS,
172702,PLEURO03, , ,PLEURONECTIFORMES,
172714,BOTHID01, , ,BOTHIDAE UNCL,
172715,CITHAR01,CITHARICHTHYS,SP,CITHARICHTHYS SP,
172719,CITHARCT,CITHARICHTHYS,ARCTIFRONS,CITHARICHTHYS ARCTIFRONS,
172724,CITHMACR,CITHARICHTHYS,MACROPS,CITHARICHTHYS MACROPS,
172725,CITHSPIL,CITHARICHTHYS,SPILOPTERUS,CITHARICHTHYS SPILOPTERUS,
172728,ETROPU01,ETROPUS,SP,ETROPUS SP,
172729,ETROCROS,ETROPUS,CROSSOTUS,ETROPUS CROSSOTUS,
172730,ETROMICR,ETROPUS,MICROSTOMUS,ETROPUS MICROSTOMUS,
172734,PARALI01,PARALICHTHYS,SP,PARALICHTHYS SP,
172735,PARADENT,PARALICHTHYS,DENTATUS,PARALICHTHYS DENTATUS,
172736,PARAALBI,PARALICHTHYS,ALBIGUTTA,PARALICHTHYS ALBIGUTTA,
172738,PARALETH,PARALICHTHYS,LETHOSTIGMA,PARALICHTHYS LETHOSTIGMA,
172739,PARAOBLO,PARALICHTHYS,OBLONGUS,PARALICHTHYS OBLONGUS,
172745,SCOPHT01,SCOPHTHALMUS,SP,SCOPHTHALMUS SP,
172746,SCOPAQUO,SCOPHTHALMUS,AQUOSUS,SCOPHTHALMUS AQUOSUS,
172751,ANCYLO01,ANCYLOPSETTA,SP,ANCYLOPSETTA SP,
172757,ANCYOLIL,ANCYLOPSETTA,QUADROCELLATA,ANCYLOPSETTA QUADROCELLATA,
172757,ANCYQUAD,ANCYLOPSETTA,QUADROCELLATA,ANCYLOPSETTA QUADROCELLATA,
172791,SYACGUNT,SYACIUM,GUNTERI,SYACIUM GUNTERI,
172859,PLEURO02, , ,PLEURONECTIDAE UNCL,
172900,PLEURO01,PLEURONECTES,SP,PLEURONECTES SP,
172904,PLEUAMER,PLEURONECTES,AMERICANUS,PLEURONECTES AMERICANUS,
172980,SOLEID01, , ,SOLEIDAE UNCL,
172981,TRINEC01,TRINECTES,SP,TRINECTES SP,
172982,TRINMACU,TRINECTES,MACULATUS,TRINECTES MACULATUS,
172984,ACHIRU01,ACHIRUS,SP,ACHIRUS SP,
172986,ACHILINE,ACHIRUS,LINEATUS,ACHIRUS LINEATUS,
172993,GYMNTEXA,GYMNACHIRUS,TEXAE,GYMNACHIRUS TEXAE,
173060,CYNOGL01, , ,CYNOGLOSSIDAE,
173061,SYMPHU01,SYMPHURUS,SP,SYMPHURUS SP,
173062,SYMPPLAG,SYMPHURUS,PLAGIUSA,SYMPHURUS PLAGIUSA,
173063,SYMPCIVI,SYMPHURUS,CIVITATUS,SYMPHURUS CIVITATUS,
173112,TETRAO02, , ,TETRAODONTIFORMES,
173128,BALIST01, , ,BALISTIDAE UNCL,
173129,ALUTER01,ALUTERUS,SP,ALUTERUS SP,
173131,ALUTSCHO,ALUTERUS,SCHOEPFI,ALUTERUS SCHOEPFI,
173131,ALUTSHOE,ALUTERUS,SCHOEPFI,ALUTERUS SCHOEPFI,
173134,ALUTSCRI,ALUTERUS,SCRIPTUS,ALUTERUS SCRIPTUS,
173138,BALICAPR,BALISTES,CAPRISCUS,BALISTES CAPRISCUS,
173178,MONACA01,MONACANTHUS,SP,MONACANTHUS SP,
173180,MONATUCK,MONACANTHUS,TUCKERI,MONACANTHUS TUCKERI,
173182,MONAHISP,MONACANTHUS,HISPIDUS,MONACANTHUS HISPIDUS,
173184,MONASETI,MONACANTHUS,SETIFER,MONACANTHUS SETIFER,
173235,OSTRAC01, , ,OSTRACIIDAE UNCL,
173236,LACTOP01,LACTOPHRYS,SP,LACTOPHRYS SP,
173240,LACTQUAD,LACTOPHRYS,QUADRICORNIS,LACTOPHRYS QUADRICORNIS,
173283,TETRAO01, , ,TETRAODONTIDAE UNCL,
173285,LAGOLAEV,LAGOCEPHALUS,LAEVIGATUS,LAGOCEPHALUS LAEVIGATUS,
173289,SPHOER01,SPHOEROIDES,SP,SPHOEROIDES SP,
173290,SPHOMACU,SPHOEROIDES,MACULATUS,SPHOEROIDES MACULATUS,
173297,SPHONEPH,SPHOEROIDES,NEPHELUS,SPHOEROIDES NEPHELUS,
173299,SPHOPARV,SPHOEROIDES,PARVUS,SPHOEROIDES PARVUS,
173320,CANTROST,CANTHIGASTER,ROSTRATA,CANTHIGASTER ROSTRATA,
173382,DIODON01, , ,DIODONTIDAE,
173383,CHILOM01,CHILOMYCTERUS,SP,CHILOMYCTERUS SP,
173384,CHILSCHO,CHILOMYCTERUS,SCHOEPFI,CHILOMYCTERUS SCHOEPFI,
173387,CHILATIN,CHILOMYCTERUS,ATINGA,CHILOMYCTERUS ATINGA,
173391,DIODHYST,DIODON,HYSTRIX,DIODON HYSTRIX,
